boca,
hermetica,
bruno,
bochas,
cocinas,
clocos,
clocos,
clocos,
clocos,
clocos,
clocos,
clocos,
clocos,
clocos,
clocos,
clocos,
clocos,
clocos,
clocos,
clocos,
clocos,
clocos,
clocos,
clocos,
clocos,
clocos,
clocos,
clocos,
clocos,
clocos,
clocos,
clocos,
clocos,
clocos,
clocos,
clocos,
clocos,
clocos,
clocos,
clocos,
clocos,
clocos,
clocos,
clocos,
clocos,
clocos,
clocos,
clocos,
clocos,
clocos,
clocos,
clocos,
clocos,
clocos,
clocos,
clocos,
clocos,
clocos,
clocos,
clocos,
clocos,
clocos,
clocos,
clocos,
v,
clocos,
clocos,
clocos,
clocos,
clocos,
clocos,
clocos,
clocos,
clocos,
clocos,
clocos,
clocos,
clocos,
clocos,
clocos,
clocos,
clocos,
clocos,
v,
clocos,
clocos,
clocos,
clocos,
clocos,
clocos,
clocos,
clocos,
clocos,
clocos,
clocos,
clocos,
clocos,
clocos,
clocos,
clocos,
clocos,
clocos,
clocos,
clocos,
clocos,
clocos,
clocos,
clocos,
clocos,
clocos,
clocos,
clocos,
clocos,
clocos,
clocos,
clocos,
clocos,
clocos,
clocos,
clocos,
clocos,
clocos,
clocos,
clocos,
clocos,
clocos,
clocos,
clocos,
clocos,
clocos,
v,
clocos,
clocos,
clocos,
clocos,
clocos,
clocos,
clocos,
clocos,
clocos,
clocos,
v,
v,
clocos,
clocos,
clocos,
clocos,
clocos,
clocos,
v,
clocos,
clocos,
clocos,
clocos,
clocos,
clocos,
clocos,
clocos,
clocos,
clocos,
clocos,
clocos,
clocos,
clocos,
clocos,
clocos,
clocos,
clocos,
clocos,
clocos,
clocos,
clocos,
v,
clocos,
clocos,
clocos,
clocos,
clocos,
clocos,
clocos,
clocos,
clocos,
clocos,
clocos,
clocos,
clocos,
clocos,
v,
clocos,
clocos,
clocos,
clocos,
clocos,
clocos,
clocos,
clocos,
clocos,
clocos,
clocos,
clocos,
clocos,
clocos,
clocos,
clocos,
clocos,
clocos,
clocos,
clocos,
clocos,
v,
clocos,
clocos,
clocos,
clocos,
clocos,
clocos,
clocos,
clocos,
clocos,
clocos,
clocos,
clocos,
clocos,
clocos,
clocos,
clocos,
clocos,
clocos,
clocos,
clocos,
clocos,
clocos,
clocos,
clocos,
clocos,
clocos,
clocos,
clocos,
clocos,
clocos,
clocos,
clocos,
clocos,
clocos,
clocos,
clocos,
clocos,
clocos,
clocos,
clocos,
clocos,
clocos,
clocos,
clocos,
clocos,
clocos,
clocos,
clocos,
clocos,
clocos,
clocos,
clocos,
clocos,
clocos,
clocos,
clocos,
clocos,
clocos,
clocos,
clocos,
clocos,
clocos,
clocos,
clocos,
clocos,
clocos,
clocos,
clocos,
clocos,
clocos,
clocos,
clocos,
clocos,
clocos,
clocos,
v,
clocos,
clocos,
clocos,
clocos,
clocos,
clocos,
clocos,
clocos,


clocos,

clocos,
